{"cameraMode":{"drawMode":0,"name":"Shaded","section":"Shading Mode"},"sceneLighting":false,"audioPlay":false,"sceneViewState":{"showFog":true,"showMaterialUpdate":false,"showSkybox":false,"showFlares":true,"showImageEffects":true,"showParticleSystems":true,"showVisualEffectGraphs":true,"m_FxEnabled":true},"in2DMode":false,"pivot":{"x":-1.1336214542388917,"y":2.613064765930176,"z":0.29099178314208987},"rotation":{"x":0.020068811252713205,"y":0.9343783855438232,"z":-0.35170260071754458,"w":0.05331747978925705},"size":7.203612327575684,"orthographic":false}