{"cameraMode":{"drawMode":0,"name":"Shaded","section":"Shading Mode"},"sceneLighting":true,"audioPlay":false,"sceneViewState":{"showFog":true,"showMaterialUpdate":false,"showSkybox":true,"showFlares":true,"showImageEffects":true,"showParticleSystems":true,"showVisualEffectGraphs":true,"m_FxEnabled":true},"in2DMode":false,"pivot":{"x":59.15081024169922,"y":-11.134361267089844,"z":18.581485748291017},"rotation":{"x":-0.45538586378097536,"y":0.004818528890609741,"z":-0.0024655726738274099,"w":-0.8902835249900818},"size":18.375551223754884,"orthographic":false}