{"cameraMode":{"drawMode":0,"name":"Shaded","section":"Shading Mode"},"sceneLighting":true,"audioPlay":false,"sceneViewState":{"showFog":true,"showMaterialUpdate":false,"showSkybox":true,"showFlares":true,"showImageEffects":true,"showParticleSystems":true,"showVisualEffectGraphs":true,"m_FxEnabled":true},"in2DMode":false,"pivot":{"x":439.76507568359377,"y":123.05435180664063,"z":55.74725341796875},"rotation":{"x":0.17136168479919434,"y":-0.05760841816663742,"z":0.009993172250688076,"w":0.9835138916969299},"size":354.1463928222656,"orthographic":false}