{"cameraMode":{"drawMode":0,"name":"Shaded","section":"Shading Mode"},"sceneLighting":true,"audioPlay":false,"sceneViewState":{"showFog":true,"showMaterialUpdate":false,"showSkybox":true,"showFlares":true,"showImageEffects":true,"showParticleSystems":true,"showVisualEffectGraphs":true,"m_FxEnabled":true},"in2DMode":false,"pivot":{"x":74.28165435791016,"y":5.552664756774902,"z":43.509944915771487},"rotation":{"x":0.3375329375267029,"y":0.02258852869272232,"z":-0.008102345280349255,"w":0.9410079717636108},"size":36.911617279052737,"orthographic":false}