{"cameraMode":{"drawMode":0,"name":"Shaded","section":"Shading Mode"},"sceneLighting":true,"audioPlay":false,"sceneViewState":{"showFog":true,"showMaterialUpdate":false,"showSkybox":true,"showFlares":true,"showImageEffects":true,"showParticleSystems":true,"showVisualEffectGraphs":true,"m_FxEnabled":true},"in2DMode":false,"pivot":{"x":177.42727661132813,"y":137.69387817382813,"z":176.45388793945313},"rotation":{"x":0.10032181441783905,"y":-0.013431528583168984,"z":0.001354528940282762,"w":0.9948659539222717},"size":275.8827819824219,"orthographic":false}