{"cameraMode":{"drawMode":0,"name":"Shaded","section":"Shading Mode"},"sceneLighting":true,"audioPlay":false,"sceneViewState":{"showFog":true,"showMaterialUpdate":false,"showSkybox":true,"showFlares":true,"showImageEffects":true,"showParticleSystems":true,"showVisualEffectGraphs":true,"m_FxEnabled":true},"in2DMode":false,"pivot":{"x":423.8285217285156,"y":206.06039428710938,"z":124.60800170898438},"rotation":{"x":0.02999488078057766,"y":-0.005997355096042156,"z":0.00018000554700847715,"w":0.9995338320732117},"size":299.46734619140627,"orthographic":false}