{"cameraMode":{"drawMode":0,"name":"Shaded","section":"Shading Mode"},"sceneLighting":true,"audioPlay":false,"sceneViewState":{"showFog":true,"showMaterialUpdate":false,"showSkybox":true,"showFlares":true,"showImageEffects":true,"showParticleSystems":true,"showVisualEffectGraphs":true,"m_FxEnabled":true},"in2DMode":false,"pivot":{"x":204.1667938232422,"y":229.58126831054688,"z":124.16781616210938},"rotation":{"x":0.07791876047849655,"y":-0.007477219216525555,"z":0.0005844418774358928,"w":0.9969333410263062},"size":317.59912109375,"orthographic":false}