{"cameraMode":{"drawMode":0,"name":"Shaded","section":"Shading Mode"},"sceneLighting":true,"audioPlay":false,"sceneViewState":{"showFog":true,"showMaterialUpdate":false,"showSkybox":true,"showFlares":true,"showImageEffects":true,"showParticleSystems":true,"showVisualEffectGraphs":true,"m_FxEnabled":true},"in2DMode":false,"pivot":{"x":374.59112548828127,"y":200.58482360839845,"z":711.0310668945313},"rotation":{"x":0.0059993150644004349,"y":0.0029999385587871076,"z":-0.000016773858078522608,"w":0.9999823570251465},"size":530.2943725585938,"orthographic":false}