{"cameraMode":{"drawMode":0,"name":"Shaded","section":"Shading Mode"},"sceneLighting":true,"audioPlay":false,"sceneViewState":{"showFog":true,"showMaterialUpdate":false,"showSkybox":true,"showFlares":true,"showImageEffects":true,"showParticleSystems":true,"showVisualEffectGraphs":true,"m_FxEnabled":true},"in2DMode":false,"pivot":{"x":378.41778564453127,"y":195.1923828125,"z":191.40298461914063},"rotation":{"x":0.005998630542308092,"y":-0.01949850283563137,"z":0.00011705761426128447,"w":0.9997938871383667},"size":321.7407531738281,"orthographic":false}