{"cameraMode":{"drawMode":0,"name":"Shaded","section":"Shading Mode"},"sceneLighting":true,"audioPlay":false,"sceneViewState":{"showFog":true,"showMaterialUpdate":false,"showSkybox":true,"showFlares":true,"showImageEffects":true,"showParticleSystems":true,"showVisualEffectGraphs":true,"m_FxEnabled":true},"in2DMode":false,"pivot":{"x":465.25860595703127,"y":31.022018432617189,"z":156.63055419921876},"rotation":{"x":0.21276330947875977,"y":0.029308002442121507,"z":-0.006384752690792084,"w":0.9766448736190796},"size":422.3929138183594,"orthographic":false}