{"cameraMode":{"drawMode":0,"name":"Shaded","section":"Shading Mode"},"sceneLighting":true,"audioPlay":false,"sceneViewState":{"showFog":true,"showMaterialUpdate":false,"showSkybox":true,"showFlares":true,"showImageEffects":true,"showParticleSystems":true,"showVisualEffectGraphs":true,"m_FxEnabled":true},"in2DMode":false,"pivot":{"x":99.42405700683594,"y":86.77000427246094,"z":160.63055419921876},"rotation":{"x":0.06744847446680069,"y":0.0059854406863451,"z":-0.0004091401642654091,"w":0.9977350234985352},"size":244.0260467529297,"orthographic":false}