{"cameraMode":{"drawMode":0,"name":"Shaded","section":"Shading Mode"},"sceneLighting":true,"audioPlay":false,"sceneViewState":{"showFog":true,"showMaterialUpdate":false,"showSkybox":true,"showFlares":true,"showImageEffects":true,"showParticleSystems":true,"showVisualEffectGraphs":true,"m_FxEnabled":true},"in2DMode":false,"pivot":{"x":52.85729217529297,"y":3.3636398315429689,"z":110.36839294433594},"rotation":{"x":0.19696520268917085,"y":-0.10858025401830673,"z":0.02194850519299507,"w":0.9741642475128174},"size":31.470300674438478,"orthographic":false}