{"cameraMode":{"drawMode":0,"name":"Shaded","section":"Shading Mode"},"sceneLighting":true,"audioPlay":false,"sceneViewState":{"showFog":true,"showMaterialUpdate":false,"showSkybox":true,"showFlares":true,"showImageEffects":true,"showParticleSystems":true,"showVisualEffectGraphs":true,"m_FxEnabled":true},"in2DMode":false,"pivot":{"x":642.0172729492188,"y":16.326526641845704,"z":73.28775024414063},"rotation":{"x":0.006309316027909517,"y":0.008994832634925843,"z":-0.00005728230462409556,"w":0.9999421834945679},"size":374.9403076171875,"orthographic":false}