{"cameraMode":{"drawMode":0,"name":"Shaded","section":"Shading Mode"},"sceneLighting":true,"audioPlay":false,"sceneViewState":{"showFog":true,"showMaterialUpdate":false,"showSkybox":true,"showFlares":true,"showImageEffects":true,"showParticleSystems":true,"showVisualEffectGraphs":true,"m_FxEnabled":true},"in2DMode":false,"pivot":{"x":99.88636016845703,"y":21.924549102783204,"z":45.94572830200195},"rotation":{"x":0.3136923015117645,"y":0.048385608941316608,"z":-0.01605597883462906,"w":0.9481942057609558},"size":15.151874542236329,"orthographic":false}