{"cameraMode":{"drawMode":0,"name":"Shaded","section":"Shading Mode"},"sceneLighting":true,"audioPlay":false,"sceneViewState":{"showFog":true,"showMaterialUpdate":false,"showSkybox":true,"showFlares":true,"showImageEffects":true,"showParticleSystems":true,"showVisualEffectGraphs":true,"m_FxEnabled":true},"in2DMode":false,"pivot":{"x":715.3921508789063,"y":181.43276977539063,"z":343.972412109375},"rotation":{"x":0.022498684003949167,"y":0.0029987927991896869,"z":-0.00010904722148552537,"w":0.9997836947441101},"size":356.86065673828127,"orthographic":false}