{"cameraMode":{"drawMode":0,"name":"Shaded","section":"Shading Mode"},"sceneLighting":false,"audioPlay":false,"sceneViewState":{"showFog":true,"showMaterialUpdate":false,"showSkybox":false,"showFlares":true,"showImageEffects":true,"showParticleSystems":true,"showVisualEffectGraphs":true,"m_FxEnabled":true},"in2DMode":false,"pivot":{"x":99.88636016845703,"y":21.924549102783204,"z":45.94572830200195},"rotation":{"x":0.25098636746406557,"y":-0.09710203856229782,"z":0.025263329967856408,"w":0.9628168940544128},"size":0.8660253882408142,"orthographic":false}