{"cameraMode":{"drawMode":0,"name":"Shaded","section":"Shading Mode"},"sceneLighting":false,"audioPlay":false,"sceneViewState":{"showFog":true,"showMaterialUpdate":false,"showSkybox":false,"showFlares":true,"showImageEffects":true,"showParticleSystems":true,"showVisualEffectGraphs":true,"m_FxEnabled":true},"in2DMode":false,"pivot":{"x":98.5829086303711,"y":22.502771377563478,"z":46.203426361083987},"rotation":{"x":0.25098636746406557,"y":-0.09710203856229782,"z":0.025263329967856408,"w":0.9628168940544128},"size":3.2660250663757326,"orthographic":false}