{"cameraMode":{"drawMode":0,"name":"Shaded","section":"Shading Mode"},"sceneLighting":false,"audioPlay":false,"sceneViewState":{"showFog":true,"showMaterialUpdate":false,"showSkybox":false,"showFlares":true,"showImageEffects":true,"showParticleSystems":true,"showVisualEffectGraphs":true,"m_FxEnabled":true},"in2DMode":false,"pivot":{"x":99.88636016845703,"y":21.924549102783204,"z":45.94572830200195},"rotation":{"x":0.05695118382573128,"y":-0.02695617638528347,"z":0.0014941055560484529,"w":0.9980490207672119},"size":1.346291184425354,"orthographic":false}